Source Page,Target URL,Anchor / Keyword,Placement,Source
/airport-transportation-service/,/santa-ana/limo-service/,limo service Santa Ana,s1 paragraph 1,Service/landing page
/airport-transportation-service/,/anaheim/limo-service/,Anaheim limo service,s1 paragraph 1,Service/landing page
/aliso-viejo/,/orange/limousine-service/,limousine service Orange County,s0 paragraph 1,City hub page
/aliso-viejo/,/orange/bachelorette-party-bus/,bachelorette party bus Orange County,s2 paragraph 1,City hub page
/aliso-viejo/,/orange/corporate-limo-service/,corporate limo service Orange County,s3 paragraph 1,City hub page
/anaheim/,/anaheim/limousine-service/,limousine service Anaheim,s0 paragraph 1,City hub page
/anaheim/,/anaheim/party-bus-rental/,party bus rental near Anaheim,s2 paragraph 1,City hub page
/anaheim/,/anaheim/hummer-limo-service/,Hummer Limo Service Anaheim,s3 paragraph 1,City hub page
/anaheim/bachelor-party-limo-rental/,/orange/bachelorette-party-bus/,bachelorette party bus Orange County,s0 paragraph 2,Keyword target page
/anaheim/bachelor-party-limo-rental/,/anaheim/party-bus-rental/,party bus rental near Anaheim,s0 paragraph 3,Keyword target page
/anaheim/bridal-limousine-rental/,/anaheim/wedding-limo-service/,wedding limo service,s0 paragraph 2,Keyword target page
/anaheim/bridal-limousine-rental/,/orange/wedding-party-shuttle/,wedding party shuttle Orange County,s0 paragraph 3,Keyword target page
/anaheim/hummer-limo-service/,/orange/hummer-limo-rental/,Hummer limo rental Orange County,s0 paragraph 2,Keyword target page
/anaheim/hummer-limo-service/,/anaheim/party-bus-rental/,party bus rental near Anaheim,s0 paragraph 3,Keyword target page
/anaheim/limo-service/,/anaheim/limousine-service/,best limo company near Anaheim,s0 paragraph 2,Keyword target page
/anaheim/limo-service/,/orange/limousine-service/,limousine service Orange County,s0 paragraph 3,Keyword target page
/anaheim/limousine-service/,/anaheim/limo-service/,limo service Anaheim,s0 paragraph 2,Keyword target page
/anaheim/limousine-service/,/orange/limousine-service/,limousine service Orange County,s0 paragraph 3,Keyword target page
/anaheim/party-bus-rental/,/orange/bachelorette-party-bus/,bachelorette party bus Orange County,s0 paragraph 2,Keyword target page
/anaheim/party-bus-rental/,/anaheim/bachelor-party-limo-rental/,bachelor party limo rental Anaheim,s0 paragraph 3,Keyword target page
/anaheim/quinceanera-party-bus/,/orange/quinceanera-limo-rental/,quinceanera limo rental Orange County,s0 paragraph 2,Keyword target page
/anaheim/quinceanera-party-bus/,/anaheim/limousine-service/,limousine service Anaheim,s0 paragraph 3,Keyword target page
/anaheim/shuttle-van-service/,/orange/wedding-party-shuttle/,wedding party shuttle Orange County,s0 paragraph 2,Keyword target page
/anaheim/shuttle-van-service/,/anaheim/party-bus-rental/,party bus rental near Anaheim,s0 paragraph 3,Keyword target page
/anaheim/sprinter-limo-service/,/orange/sprinter-limo-rental/,Sprinter limo rental Orange County,s0 paragraph 2,Keyword target page
/anaheim/sprinter-limo-service/,/anaheim/limousine-service/,limousine service Anaheim,s0 paragraph 3,Keyword target page
/anaheim/wedding-limo-service/,/anaheim/bridal-limousine-rental/,bridal limousine rental Anaheim,s0 paragraph 2,Keyword target page
/anaheim/wedding-limo-service/,/orange/wedding-limo-service/,wedding limo service Orange County,s0 paragraph 3,Keyword target page
/bachelor/,/anaheim/bachelor-party-limo-rental/,bachelor party limo rental Anaheim,s0 paragraph 1,Service/landing page
/bachelor/,/anaheim/party-bus-rental/,party bus rental near Anaheim,s0 paragraph 3,Service/landing page
/bachelor/,/orange/bachelorette-party-bus/,bachelorette party bus Orange County,s0 paragraph 9,Service/landing page
/black-car-service/,/orange/corporate-limo-service/,corporate limo service Orange County,s0 paragraph 1,Service/landing page
/black-car-service/,/santa-ana/limo-service/,limo service Santa Ana,s0 paragraph 2,Service/landing page
/brea/,/orange/limousine-service/,limousine service Orange County,s0 paragraph 1,City hub page
/brea/,/orange/sprinter-limo-rental/,Sprinter limo rental Orange County,s2 paragraph 1,City hub page
/brea/,/santa-ana/limo-service/,limo service Santa Ana,s3 paragraph 1,City hub page
/buena-park/,/orange/limousine-service/,limousine service Orange County,s0 paragraph 1,City hub page
/buena-park/,/orange/hummer-limo-rental/,Hummer limo rental Orange County,s2 paragraph 1,City hub page
/buena-park/,/orange/wedding-limo-service/,wedding limo service Orange County,s3 paragraph 1,City hub page
/concerts/,/anaheim/party-bus-rental/,party bus rental near Anaheim,s0 paragraph 1,Service/landing page
/concerts/,/orange/sprinter-limo-rental/,Sprinter limo rental Orange County,s0 paragraph 6,Service/landing page
/corporates-event-limo-service/,/orange/corporate-limo-service/,corporate limo service Orange County,s0 paragraph 2,Service/landing page
/corporates-event-limo-service/,/orange/limousine-service/,limousine service Orange County,s0 paragraph 3,Service/landing page
/corporates/,/corporates-event-limo-service/,corporate event limo service,s0 paragraph 1,Service/landing page
/corporates/,/orange/corporate-limo-service/,corporate limo service Orange County,s0 paragraph 3,Service/landing page
/costa-mesa/,/orange/limousine-service/,limousine service Orange County,s0 paragraph 1,City hub page
/costa-mesa/,/orange/quinceanera-limo-rental/,quinceanera limo rental Orange County,s2 paragraph 1,City hub page
/costa-mesa/,/orange/corporate-limo-service/,corporate limo service Orange County,s3 paragraph 1,City hub page
/cypress/,/orange/limousine-service/,limousine service Orange County,s0 paragraph 1,City hub page
/cypress/,/orange/wedding-limo-service/,wedding limo service Orange County,s2 paragraph 1,City hub page
/cypress/,/corporates-event-limo-service/,corporate event limo service,s3 paragraph 1,City hub page
/dana-point/,/orange/limousine-service/,limousine service Orange County,s0 paragraph 1,City hub page
/dana-point/,/anaheim/party-bus-rental/,party bus rental near Anaheim,s2 paragraph 1,City hub page
/dana-point/,/santa-ana/limo-service/,limo service Santa Ana,s3 paragraph 1,City hub page
/fullerton/,/orange/limousine-service/,limousine service Orange County,s0 paragraph 1,City hub page
/fullerton/,/orange/bachelorette-party-bus/,bachelorette party bus Orange County,s2 paragraph 1,City hub page
/fullerton/,/orange/wedding-limo-service/,wedding limo service Orange County,s3 paragraph 1,City hub page
/garden-grove/,/orange/limousine-service/,limousine service Orange County,s0 paragraph 1,City hub page
/garden-grove/,/orange/wedding-party-shuttle/,wedding party shuttle Orange County,s2 paragraph 1,City hub page
/garden-grove/,/orange/corporate-limo-service/,corporate limo service Orange County,s3 paragraph 1,City hub page
/hummer-limo-service/,/anaheim/hummer-limo-service/,Hummer Limo Service Anaheim,s0 paragraph 1,Service/landing page
/hummer-limo-service/,/orange/hummer-limo-rental/,Hummer limo rental Orange County,s0 paragraph 1,Service/landing page
/huntington-beach/,/orange/limousine-service/,limousine service Orange County,s0 paragraph 1,City hub page
/huntington-beach/,/orange/sprinter-limo-rental/,Sprinter limo rental Orange County,s2 paragraph 1,City hub page
/huntington-beach/,/corporates-event-limo-service/,corporate event limo service,s3 paragraph 1,City hub page
/irvine/,/orange/limousine-service/,limousine service Orange County,s0 paragraph 1,City hub page
/irvine/,/orange/hummer-limo-rental/,Hummer limo rental Orange County,s2 paragraph 1,City hub page
/irvine/,/santa-ana/limo-service/,limo service Santa Ana,s3 paragraph 1,City hub page
/la-habra/,/orange/limousine-service/,limousine service Orange County,s0 paragraph 1,City hub page
/la-habra/,/orange/quinceanera-limo-rental/,quinceanera limo rental Orange County,s2 paragraph 1,City hub page
/la-habra/,/orange/wedding-limo-service/,wedding limo service Orange County,s3 paragraph 1,City hub page
/la-palma/,/orange/limousine-service/,limousine service Orange County,s0 paragraph 1,City hub page
/la-palma/,/orange/wedding-limo-service/,wedding limo service Orange County,s2 paragraph 1,City hub page
/la-palma/,/orange/corporate-limo-service/,corporate limo service Orange County,s3 paragraph 1,City hub page
/laguna-beach/,/orange/limousine-service/,limousine service Orange County,s0 paragraph 1,City hub page
/laguna-beach/,/anaheim/party-bus-rental/,party bus rental near Anaheim,s2 paragraph 1,City hub page
/laguna-beach/,/corporates-event-limo-service/,corporate event limo service,s3 paragraph 1,City hub page
/laguna-niguel/,/orange/limousine-service/,limousine service Orange County,s0 paragraph 1,City hub page
/laguna-niguel/,/orange/bachelorette-party-bus/,bachelorette party bus Orange County,s2 paragraph 1,City hub page
/laguna-niguel/,/santa-ana/limo-service/,limo service Santa Ana,s3 paragraph 1,City hub page
/laguna-woods/,/orange/limousine-service/,limousine service Orange County,s0 paragraph 1,City hub page
/laguna-woods/,/orange/wedding-party-shuttle/,wedding party shuttle Orange County,s2 paragraph 1,City hub page
/laguna-woods/,/orange/wedding-limo-service/,wedding limo service Orange County,s3 paragraph 1,City hub page
/lake-forest/,/orange/limousine-service/,limousine service Orange County,s0 paragraph 1,City hub page
/lake-forest/,/orange/sprinter-limo-rental/,Sprinter limo rental Orange County,s2 paragraph 1,City hub page
/lake-forest/,/orange/corporate-limo-service/,corporate limo service Orange County,s3 paragraph 1,City hub page
/limo-service-orange-county/,/orange/limousine-service/,limousine service Orange County,s0 paragraph 1,Service/landing page
/limo-service-orange-county/,/anaheim/limo-service/,Anaheim limo service,s0 paragraph 1,Service/landing page
/long-beach/,/orange/limousine-service/,limousine service Orange County,s0 paragraph 1,City hub page
/long-beach/,/orange/hummer-limo-rental/,Hummer limo rental Orange County,s2 paragraph 1,City hub page
/long-beach/,/corporates-event-limo-service/,corporate event limo service,s3 paragraph 1,City hub page
/los-alamitos/,/orange/limousine-service/,limousine service Orange County,s0 paragraph 1,City hub page
/los-alamitos/,/orange/quinceanera-limo-rental/,quinceanera limo rental Orange County,s2 paragraph 1,City hub page
/los-alamitos/,/santa-ana/limo-service/,limo service Santa Ana,s3 paragraph 1,City hub page
/los-angeles/,/orange/limousine-service/,limousine service Orange County,s0 paragraph 1,City hub page
/los-angeles/,/orange/wedding-limo-service/,wedding limo service Orange County,s2 paragraph 1,City hub page
/los-angeles/,/orange/wedding-limo-service/,wedding limo service Orange County,s3 paragraph 1,City hub page
/luxury-car-service/,/orange/limousine-service/,limousine service Orange County,s1 paragraph 1,Service/landing page
/luxury-car-service/,/santa-ana/limo-service/,limo service Santa Ana,s1 paragraph 1,Service/landing page
/newport-beach/,/orange/limousine-service/,limousine service Orange County,s0 paragraph 1,City hub page
/newport-beach/,/anaheim/party-bus-rental/,party bus rental near Anaheim,s2 paragraph 1,City hub page
/newport-beach/,/orange/corporate-limo-service/,corporate limo service Orange County,s3 paragraph 1,City hub page
/orange/,/orange/limousine-service/,limousine service Orange County,s0 paragraph 1,City hub page
/orange/,/orange/wedding-limo-service/,wedding limo service Orange County,s2 paragraph 1,City hub page
/orange/,/orange/corporate-limo-service/,corporate limo service Orange County,s3 paragraph 1,City hub page
/orange/bachelorette-party-bus/,/anaheim/bachelor-party-limo-rental/,bachelor party limo rental Anaheim,s0 paragraph 2,Keyword target page
/orange/bachelorette-party-bus/,/anaheim/party-bus-rental/,party bus rental near Anaheim,s0 paragraph 3,Keyword target page
/orange/corporate-limo-service/,/corporates-event-limo-service/,corporate event limo service,s0 paragraph 2,Keyword target page
/orange/corporate-limo-service/,/orange/limousine-service/,limousine service Orange County,s0 paragraph 3,Keyword target page
/orange/hummer-limo-rental/,/anaheim/hummer-limo-service/,Hummer limo service Anaheim,s0 paragraph 2,Keyword target page
/orange/hummer-limo-rental/,/anaheim/party-bus-rental/,party bus rental near Anaheim,s0 paragraph 3,Keyword target page
/orange/limousine-service/,/anaheim/limousine-service/,limousine service Anaheim,s0 paragraph 2,Keyword target page
/orange/limousine-service/,/orange/corporate-limo-service/,corporate limo service Orange County,s0 paragraph 3,Keyword target page
/orange/quinceanera-limo-rental/,/anaheim/quinceanera-party-bus/,quinceanera party bus Anaheim,s0 paragraph 2,Keyword target page
/orange/quinceanera-limo-rental/,/orange/limousine-service/,limousine service Orange County,s0 paragraph 3,Keyword target page
/orange/sprinter-limo-rental/,/anaheim/sprinter-limo-service/,Sprinter limo service Anaheim,s0 paragraph 2,Keyword target page
/orange/sprinter-limo-rental/,/orange/limousine-service/,limousine service Orange County,s0 paragraph 3,Keyword target page
/orange/wedding-limo-service/,/anaheim/bridal-limousine-rental/,bridal limousine rental Anaheim,s0 paragraph 2,Keyword target page
/orange/wedding-limo-service/,/orange/wedding-party-shuttle/,wedding party shuttle Orange County,s0 paragraph 3,Keyword target page
/orange/wedding-party-shuttle/,/anaheim/wedding-limo-service/,wedding limo service,s0 paragraph 2,Keyword target page
/orange/wedding-party-shuttle/,/orange/limousine-service/,limousine service Orange County,s0 paragraph 3,Keyword target page
/palos-verdes/,/orange/limousine-service/,limousine service Orange County,s0 paragraph 1,City hub page
/palos-verdes/,/orange/wedding-party-shuttle/,wedding party shuttle Orange County,s2 paragraph 1,City hub page
/palos-verdes/,/santa-ana/limo-service/,limo service Santa Ana,s3 paragraph 1,City hub page
/party-bus-rental/,/anaheim/party-bus-rental/,party bus rental near Anaheim,s0 paragraph 1,Service/landing page
/party-bus-rental/,/orange/bachelorette-party-bus/,bachelorette party bus Orange County,s0 paragraph 1,Service/landing page
/placentia/,/orange/limousine-service/,limousine service Orange County,s0 paragraph 1,City hub page
/placentia/,/orange/sprinter-limo-rental/,Sprinter limo rental Orange County,s2 paragraph 1,City hub page
/placentia/,/orange/wedding-limo-service/,wedding limo service Orange County,s3 paragraph 1,City hub page
/prom/,/anaheim/hummer-limo-service/,Hummer Limo Service Anaheim,s0 paragraph 1,Service/landing page
/prom/,/orange/hummer-limo-rental/,Hummer limo rental Orange County,s0 paragraph 1,Service/landing page
/quinceanera/,/orange/quinceanera-limo-rental/,quinceanera limo rental Orange County,s0 paragraph 1,Service/landing page
/quinceanera/,/anaheim/quinceanera-party-bus/,quinceanera party bus Anaheim,s0 paragraph 3,Service/landing page
/rancho-santa-margarita/,/orange/limousine-service/,limousine service Orange County,s0 paragraph 1,City hub page
/rancho-santa-margarita/,/orange/hummer-limo-rental/,Hummer limo rental Orange County,s2 paragraph 1,City hub page
/rancho-santa-margarita/,/orange/corporate-limo-service/,corporate limo service Orange County,s3 paragraph 1,City hub page
/san-clemente/,/orange/limousine-service/,limousine service Orange County,s0 paragraph 1,City hub page
/san-clemente/,/orange/quinceanera-limo-rental/,quinceanera limo rental Orange County,s2 paragraph 1,City hub page
/san-clemente/,/corporates-event-limo-service/,corporate event limo service,s3 paragraph 1,City hub page
/san-juan-capistrano/,/orange/limousine-service/,limousine service Orange County,s0 paragraph 1,City hub page
/san-juan-capistrano/,/orange/wedding-limo-service/,wedding limo service Orange County,s2 paragraph 1,City hub page
/san-juan-capistrano/,/santa-ana/limo-service/,limo service Santa Ana,s3 paragraph 1,City hub page
/santa-ana/,/santa-ana/limo-service/,limo service Santa Ana,s0 paragraph 1,City hub page
/santa-ana/,/orange/wedding-party-shuttle/,wedding party shuttle Orange County,s2 paragraph 1,City hub page
/santa-ana/,/orange/limousine-service/,limousine service Orange County,s3 paragraph 1,City hub page
/santa-ana/limo-service/,/orange/limousine-service/,limousine service Orange County,s0 paragraph 2,Keyword target page
/santa-ana/limo-service/,/orange/corporate-limo-service/,corporate limo service Orange County,s0 paragraph 3,Keyword target page
/santa-monica/,/orange/limousine-service/,limousine service Orange County,s0 paragraph 1,City hub page
/santa-monica/,/orange/bachelorette-party-bus/,bachelorette party bus Orange County,s2 paragraph 1,City hub page
/santa-monica/,/orange/corporate-limo-service/,corporate limo service Orange County,s3 paragraph 1,City hub page
/seal-beach/,/orange/limousine-service/,limousine service Orange County,s0 paragraph 1,City hub page
/seal-beach/,/orange/wedding-party-shuttle/,wedding party shuttle Orange County,s2 paragraph 1,City hub page
/seal-beach/,/corporates-event-limo-service/,corporate event limo service,s3 paragraph 1,City hub page
/shuttle-van-service/,/anaheim/shuttle-van-service/,Shuttle Van Service Anaheim,s0 paragraph 1,Service/landing page
/shuttle-van-service/,/orange/wedding-party-shuttle/,wedding party shuttle Orange County,s3 paragraph 1,Service/landing page
/special-events-limo-service/,/orange/wedding-limo-service/,wedding limo service Orange County,s2 paragraph 1,Service/landing page
/special-events-limo-service/,/orange/quinceanera-limo-rental/,quinceanera limo rental Orange County,s2 paragraph 2,Service/landing page
/sprinter-limo-service/,/anaheim/sprinter-limo-service/,Sprinter Limo Service Anaheim,s0 paragraph 1,Service/landing page
/sprinter-limo-service/,/orange/sprinter-limo-rental/,Sprinter limo rental Orange County,s0 paragraph 1,Service/landing page
/sprinter-limo-service/,/anaheim/sprinter-limo-service/,Sprinter Limo Rental Anaheim,s1 paragraph 2,Service/landing page
/sprinter-limo/,/anaheim/limo-service/,Anaheim Limo Service,s0 paragraph 1,Service/landing page
/sprinter-limo/,/anaheim/sprinter-limo-service/,Sprinter Limo Rental Anaheim,s0 paragraph 2,Service/landing page
/sprinter-limo/,/orange/sprinter-limo-rental/,Sprinter limo rental Orange County,s0 paragraph 2,Service/landing page
/stanton/,/orange/limousine-service/,limousine service Orange County,s0 paragraph 1,City hub page
/stanton/,/orange/sprinter-limo-rental/,Sprinter limo rental Orange County,s2 paragraph 1,City hub page
/stanton/,/santa-ana/limo-service/,limo service Santa Ana,s3 paragraph 1,City hub page
/temecula/,/orange/limousine-service/,limousine service Orange County,s0 paragraph 1,City hub page
/temecula/,/orange/hummer-limo-rental/,Hummer limo rental Orange County,s2 paragraph 1,City hub page
/temecula/,/orange/wedding-limo-service/,wedding limo service Orange County,s3 paragraph 1,City hub page
/thousand-oaks/,/orange/limousine-service/,limousine service Orange County,s0 paragraph 1,City hub page
/thousand-oaks/,/orange/quinceanera-limo-rental/,quinceanera limo rental Orange County,s2 paragraph 1,City hub page
/thousand-oaks/,/orange/corporate-limo-service/,corporate limo service Orange County,s3 paragraph 1,City hub page
/tustin/,/orange/limousine-service/,limousine service Orange County,s0 paragraph 1,City hub page
/tustin/,/orange/wedding-limo-service/,wedding limo service Orange County,s2 paragraph 1,City hub page
/tustin/,/corporates-event-limo-service/,corporate event limo service,s3 paragraph 1,City hub page
/villa-park/,/orange/limousine-service/,limousine service Orange County,s0 paragraph 1,City hub page
/villa-park/,/anaheim/party-bus-rental/,party bus rental near Anaheim,s2 paragraph 1,City hub page
/villa-park/,/santa-ana/limo-service/,limo service Santa Ana,s3 paragraph 1,City hub page
/wedding/,/anaheim/wedding-limo-service/,Wedding Limo Service,s0 paragraph 1,Service/landing page
/wedding/,/orange/wedding-party-shuttle/,wedding party shuttle Orange County,s0 paragraph 1,Service/landing page
/wedding/,/orange/wedding-limo-service/,wedding limo service Orange County,s0 paragraph 3,Service/landing page
/westminster/,/orange/limousine-service/,limousine service Orange County,s0 paragraph 1,City hub page
/westminster/,/orange/bachelorette-party-bus/,bachelorette party bus Orange County,s2 paragraph 1,City hub page
/westminster/,/orange/wedding-limo-service/,wedding limo service Orange County,s3 paragraph 1,City hub page
/yorba-linda/,/orange/limousine-service/,limousine service Orange County,s0 paragraph 1,City hub page
/yorba-linda/,/orange/wedding-party-shuttle/,wedding party shuttle Orange County,s2 paragraph 1,City hub page
/yorba-linda/,/orange/corporate-limo-service/,corporate limo service Orange County,s3 paragraph 1,City hub page
bachelorette-party-bus-orange-county,/orange/bachelorette-party-bus/,Bachelorette Party Bus Orange County,blog body,Blog post
bachelorette-party-bus-orange-county,/anaheim/bachelor-party-limo-rental/,bachelor party limo rental Anaheim,blog body,Blog post
bachelorette-party-bus-orange-county,/anaheim/shuttle-van-service/,Shuttle Van Service Anaheim,blog body,Blog post
beyond-the-rideshare-whats-driving-orange-countys-shift-toward-limousine-travel,/orange/limousine-service/,Limousine Service Orange County,blog body,Blog post
beyond-the-rideshare-whats-driving-orange-countys-shift-toward-limousine-travel,/orange/wedding-limo-service/,wedding limo service Orange County,blog body,Blog post
beyond-the-rideshare-whats-driving-orange-countys-shift-toward-limousine-travel,/orange/corporate-limo-service/,corporate limo service Orange County,blog body,Blog post
black-car-service-to-lax-from-anaheim,/orange/corporate-limo-service/,corporate limo service Orange County,blog body,Blog post
black-car-service-to-lax-from-anaheim,/orange/sprinter-limo-rental/,Sprinter limo rental Orange County,blog body,Blog post
black-car-service-to-lax-from-anaheim,/santa-ana/limo-service/,limo service Santa Ana,blog body,Blog post
corporate-event-limo-service,/corporates-event-limo-service/,corporate event limo service,blog body,Blog post
corporate-event-limo-service,/orange/sprinter-limo-rental/,Sprinter limo rental Orange County,blog body,Blog post
corporate-event-limo-service,/orange/corporate-limo-service/,corporate limo service Orange County,blog body,Blog post
lax-limo-service-from-anaheim,/anaheim/limo-service/,limo service Anaheim,blog body,Blog post
lax-limo-service-from-anaheim,/orange/corporate-limo-service/,corporate limo service Orange County,blog body,Blog post
lax-limo-service-from-anaheim,/orange/wedding-limo-service/,wedding limo service Orange County,blog body,Blog post
sprinter-limo-service-anaheim,/anaheim/sprinter-limo-service/,Sprinter Limo Service Anaheim,blog body,Blog post
sprinter-limo-service-anaheim,/orange/sprinter-limo-rental/,Sprinter limo rental Orange County,blog body,Blog post
the-honest-guide-to-finding-a-reliable-limousine-service-in-anaheim,/anaheim/limousine-service/,limousine service Anaheim,blog body,Blog post
the-honest-guide-to-finding-a-reliable-limousine-service-in-anaheim,/anaheim/limo-service/,Anaheim limo service,blog body,Blog post
the-honest-guide-to-finding-a-reliable-limousine-service-in-anaheim,/anaheim/hummer-limo-service/,Hummer Limo Service Anaheim,blog body,Blog post
wedding-party-shuttle-orange-county,/orange/wedding-party-shuttle/,wedding party shuttle Orange County,blog body,Blog post
wedding-party-shuttle-orange-county,/orange/wedding-limo-service/,wedding limo service Orange County,blog body,Blog post
wedding-party-shuttle-orange-county,/anaheim/bridal-limousine-rental/,bridal limousine rental Anaheim,blog body,Blog post
why-more-anaheim-locals-are-skipping-rideshares-for-a-proper-limousine-ride,/anaheim/limousine-service/,Limousine Service Anaheim,blog body,Blog post
why-more-anaheim-locals-are-skipping-rideshares-for-a-proper-limousine-ride,/orange/wedding-limo-service/,wedding limo service Orange County,blog body,Blog post
why-more-anaheim-locals-are-skipping-rideshares-for-a-proper-limousine-ride,/orange/corporate-limo-service/,corporate limo service Orange County,blog body,Blog post
/,/orange/wedding-party-shuttle/,wedding party shuttle Orange County,WeddingSection paragraph,Homepage
/,/orange/limousine-service/,limousine service Orange County,LuxurySection paragraph,Homepage
/,/anaheim/limousine-service/,Limousine Service in Anaheim,LuxurySection Our Story paragraph,Homepage
